,2020/3/1,2020/3/2,2020/3/3,2020/3/4,2020/3/5,2020/3/6,2020/3/7,2020/3/8,2020/3/9,2020/3/10,2020/3/11,2020/3/12,2020/3/13,2020/3/14,2020/3/15,2020/3/16,2020/3/17,2020/3/18,2020/3/19,2020/3/20,2020/3/21,2020/3/22,2020/3/23,2020/3/24,2020/3/25,2020/3/26,2020/3/27,2020/3/28,2020/3/29,2020/3/30,2020/3/31,2020/4/1,2020/4/2,2020/4/3,2020/4/4,2020/4/5,2020/4/6,2020/4/7,2020/4/8,2020/4/9,2020/4/10,2020/4/11,2020/4/12,2020/4/13,2020/4/14,2020/4/15,2020/4/16,2020/4/17,2020/4/18,2020/4/19,2020/4/20,2020/4/21,2020/4/22,2020/4/23,2020/4/24,2020/4/25,2020/4/26,2020/4/27,2020/4/28,2020/4/29,2020/4/30,2020/5/1,2020/5/2,2020/5/3,2020/5/4,2020/5/5,2020/5/6,2020/5/7,2020/5/8,2020/5/9,2020/5/10,2020/5/11,2020/5/12,2020/5/13,2020/5/14,2020/5/15,2020/5/16,2020/5/17,2020/5/18,2020/5/19,2020/5/20,2020/5/21,2020/5/22,2020/5/23,2020/5/24,2020/5/25,2020/5/26,2020/5/27,2020/5/28,2020/5/29,2020/5/30,2020/5/31,2020/6/1,2020/6/2,2020/6/3,2020/6/4,2020/6/5,2020/6/6,2020/6/7,2020/6/8,2020/6/9,2020/6/10,2020/6/11,2020/6/12,2020/6/13,2020/6/14,2020/6/15,2020/6/16,2020/6/17,2020/6/18,2020/6/19,2020/6/20,2020/6/21,2020/6/22,2020/6/23,2020/6/24,2020/6/25,2020/6/26,2020/6/27,2020/6/28,2020/6/29,2020/6/30,2020/7/1,2020/7/2,2020/7/3,2020/7/4,2020/7/5,2020/7/6,2020/7/7,2020/7/8,2020/7/9,2020/7/10,2020/7/11,2020/7/12,2020/7/13,2020/7/14,2020/7/15,2020/7/16,2020/7/17,2020/7/18,2020/7/19,2020/7/20,2020/7/21,2020/7/22,2020/7/23,2020/7/24,2020/7/25,2020/7/26,2020/7/27,2020/7/28,2020/7/29,2020/7/30,2020/7/31,2020/8/1,2020/8/2,2020/8/3,2020/8/4,2020/8/5,2020/8/6,2020/8/7,2020/8/8,2020/8/9,2020/8/10,2020/8/11,2020/8/12,2020/8/13,2020/8/14,2020/8/15,2020/8/16,2020/8/17,2020/8/18,2020/8/19,2020/8/20,2020/8/21,2020/8/22,2020/8/23,2020/8/24,2020/8/25,2020/8/26,2020/8/27,2020/8/28,2020/8/29,2020/8/30,2020/8/31,2020/9/1,2020/9/2,2020/9/3,2020/9/4,2020/9/5,2020/9/6,2020/9/7,2020/9/8,2020/9/9,2020/9/10,2020/9/11,2020/9/12,2020/9/13,2020/9/14,2020/9/15,2020/9/16,2020/9/17,2020/9/18,2020/9/19,2020/9/20,2020/9/21,2020/9/22,2020/9/23,2020/9/24,2020/9/25,2020/9/26,2020/9/27,2020/9/28,2020/9/29,2020/9/30,2020/10/1,2020/10/2,2020/10/3,2020/10/4,2020/10/5,2020/10/6,2020/10/7,2020/10/8,2020/10/9,2020/10/10,2020/10/11,2020/10/12,2020/10/13,2020/10/14,2020/10/15,2020/10/16,2020/10/17,2020/10/18,2020/10/19,2020/10/20,2020/10/21,2020/10/22,2020/10/23,2020/10/24,2020/10/25,2020/10/26,2020/10/27,2020/10/28,2020/10/29,2020/10/30,2020/10/31,2020/11/1,2020/11/2,2020/11/3,2020/11/4,2020/11/5,2020/11/6,2020/11/7,2020/11/8,2020/11/9,2020/11/10,2020/11/11,2020/11/12,2020/11/13,2020/11/14,2020/11/15,2020/11/16,2020/11/17,2020/11/18,2020/11/19,2020/11/20,2020/11/21,2020/11/22,2020/11/23,2020/11/24,2020/11/25,2020/11/26,2020/11/27,2020/11/28,2020/11/29,2020/11/30,2020/12/1,2020/12/2,2020/12/3,2020/12/4,2020/12/5,2020/12/6,2020/12/7,2020/12/8,2020/12/9,2020/12/10,2020/12/11,2020/12/12,2020/12/13,2020/12/14,2020/12/15,2020/12/16,2020/12/17,2020/12/18,2020/12/19,2020/12/20,2020/12/21,2020/12/22,2020/12/23,2020/12/24,2020/12/25,2020/12/26,2020/12/27,2020/12/28,2020/12/29,2020/12/30,2020/12/31,2021/1/1,2021/1/2,2021/1/3,2021/1/4,2021/1/5,2021/1/6,2021/1/7,2021/1/8,2021/1/9,2021/1/10,2021/1/11,2021/1/12,2021/1/13,2021/1/14,2021/1/15,2021/1/16,2021/1/17,2021/1/18,2021/1/19,2021/1/20,2021/1/21,2021/1/22,2021/1/23,2021/1/24,2021/1/25,2021/1/26,2021/1/27,2021/1/28,2021/1/29,2021/1/30,2021/1/31,2021/2/1,2021/2/2,2021/2/3,2021/2/4,2021/2/5,2021/2/6,2021/2/7,2021/2/8,2021/2/9,2021/2/10,2021/2/11,2021/2/12,2021/2/13,2021/2/14,2021/2/15,2021/2/16,2021/2/17,2021/2/18,2021/2/19,2021/2/20,2021/2/21,2021/2/22,2021/2/23,2021/2/24,2021/2/25,2021/2/26,2021/2/27,2021/2/28,2021/3/1,2021/3/2,2021/3/3,2021/3/4,2021/3/5,2021/3/6,2021/3/7,2021/3/8,2021/3/9,2021/3/10,2021/3/11,2021/3/12,2021/3/13,2021/3/14,2021/3/15,2021/3/16,2021/3/17,2021/3/18,2021/3/19,2021/3/20,2021/3/21,2021/3/22,2021/3/23,2021/3/24,2021/3/25,2021/3/26,2021/3/27,2021/3/28,2021/3/29,2021/3/30,2021/3/31,2021/4/1,2021/4/2,2021/4/3,2021/4/4,2021/4/5,2021/4/6,2021/4/7,2021/4/8,2021/4/9,2021/4/10,2021/4/11,2021/4/12,2021/4/13,2021/4/14,2021/4/15,2021/4/16,2021/4/17,2021/4/18,2021/4/19,2021/4/20,2021/4/21
Barking and Dagenham,1,0,0,0,0,1,0,1,1,0,1,4,1,2,4,4,5,5,4,9,10,7,11,12,11,7,12,11,11,10,19,22,26,17,17,19,13,22,21,15,11,9,18,18,14,12,12,10,7,15,7,14,9,11,3,7,10,8,6,7,5,11,6,8,4,6,4,6,6,4,7,7,3,11,2,1,2,1,2,5,4,4,1,2,0,3,4,0,4,0,0,0,2,1,4,1,0,0,0,1,0,0,1,3,2,1,1,0,2,0,0,0,2,1,1,4,2,3,1,0,2,2,2,0,0,0,0,0,1,3,0,1,0,1,1,2,4,1,1,1,0,2,2,3,2,0,1,7,3,6,9,4,1,2,2,1,2,6,1,1,3,1,4,4,7,10,2,2,4,6,5,2,5,4,3,3,11,1,1,4,5,2,4,11,10,10,12,7,8,6,11,9,12,18,12,9,7,8,5,9,24,14,12,22,11,24,30,15,23,20,7,20,14,26,17,13,17,24,22,25,31,35,50,19,17,39,20,45,31,37,24,39,50,60,50,37,49,44,34,66,46,72,62,48,31,32,87,72,78,87,79,55,23,94,91,111,72,77,56,60,104,90,79,87,71,70,54,89,78,91,75,96,64,79,111,90,125,91,86,97,123,124,136,166,210,236,168,200,319,323,336,360,420,241,285,395,401,328,284,144,410,474,404,740,595,488,216,558,432,629,564,481,417,409,304,233,390,338,288,272,258,209,138,259,228,212,173,174,129,90,130,141,139,118,88,64,55,92,92,89,77,51,50,43,51,60,51,59,50,33,25,43,37,38,41,35,25,20,40,18,24,21,20,13,21,21,17,18,19,11,10,18,15,15,14,11,10,4,6,15,10,22,12,25,9,23,22,25,24,15,12,9,23,8,8,7,14,14,4,8,11,12,9,9,12,8,8,8,5,7,10,7,6,21,6,4,2
Barnet,0,0,0,4,1,1,0,1,3,3,11,5,6,6,10,11,7,14,26,21,18,26,31,38,46,55,54,34,31,42,48,37,65,37,38,40,37,46,49,34,21,20,18,23,21,24,20,21,15,21,14,27,11,19,17,11,17,20,25,17,19,10,9,6,12,12,9,13,7,5,8,6,11,16,5,5,2,6,9,7,10,8,3,1,2,1,4,9,4,3,1,1,1,3,3,1,1,2,2,1,0,2,1,1,2,0,2,2,2,1,0,0,1,0,0,0,2,3,0,1,3,1,2,2,1,1,4,1,2,1,3,1,2,4,9,1,7,0,4,4,2,2,2,7,4,2,5,0,8,8,5,9,3,4,7,2,2,4,5,9,2,2,10,4,8,6,11,1,6,9,11,9,2,9,6,5,3,7,15,21,12,4,4,15,24,15,16,17,12,10,18,16,18,20,13,6,5,17,10,12,11,10,13,17,25,13,24,26,24,15,21,24,29,47,58,49,25,35,63,52,65,78,62,39,31,82,64,64,65,66,51,49,96,99,91,101,102,61,76,85,84,64,69,77,61,43,109,78,86,75,85,71,99,150,121,116,115,96,75,63,146,98,68,104,83,48,59,87,103,108,81,84,67,87,105,82,150,87,109,79,84,132,128,161,146,198,145,190,297,365,373,359,402,285,378,566,566,527,406,227,539,631,509,866,714,504,262,559,599,663,637,556,532,437,366,319,495,407,443,328,341,259,238,409,331,303,279,260,178,143,223,167,175,163,160,117,116,133,134,142,99,68,66,68,72,67,76,55,48,36,47,46,53,72,31,52,35,29,56,42,51,27,31,22,21,20,30,31,26,19,10,19,28,24,16,18,20,8,13,16,14,14,13,6,12,19,22,7,25,14,19,14,18,27,15,11,15,17,13,7,16,13,21,16,19,18,15,23,21,19,16,10,5,17,15,14,6
Bexley,0,0,0,0,0,0,0,0,2,2,4,5,4,3,1,4,6,6,5,9,4,10,17,13,19,12,19,10,14,15,21,30,26,31,28,20,24,47,16,18,20,17,12,12,25,19,23,19,10,21,14,15,18,13,18,15,6,14,15,18,16,17,17,8,9,6,14,11,8,4,8,7,11,6,11,2,1,6,8,3,6,15,8,2,1,0,5,3,6,1,5,3,2,2,4,0,1,0,3,2,3,3,1,2,1,0,1,1,0,1,3,4,1,1,2,0,3,1,0,1,0,4,1,2,0,0,4,1,1,6,3,1,1,3,2,2,0,3,3,0,4,4,0,4,4,2,4,0,4,0,2,1,1,0,0,0,0,3,2,2,1,2,2,2,3,3,2,0,0,1,4,4,7,1,2,2,2,2,3,4,7,8,6,8,3,5,1,8,1,1,11,4,5,4,8,1,0,7,5,2,7,11,10,17,16,13,12,10,3,7,7,17,18,11,38,19,15,16,26,12,23,25,26,27,8,30,28,27,34,15,23,40,48,48,59,57,32,39,28,62,59,58,65,58,37,36,111,70,83,87,104,50,65,106,108,130,116,100,82,65,108,95,99,81,80,44,45,103,76,68,101,85,64,46,103,106,122,90,119,62,84,123,128,169,209,237,160,210,289,324,404,370,397,319,339,526,496,445,288,135,439,460,318,667,544,386,194,457,464,568,504,392,350,315,230,235,290,236,216,218,236,172,142,228,186,149,155,134,104,107,116,78,130,87,69,63,45,60,81,71,61,52,41,31,39,29,38,51,27,21,38,33,33,26,41,17,24,14,33,21,15,17,12,5,11,15,11,10,8,10,5,12,16,15,8,8,10,8,6,9,8,8,14,11,13,16,27,8,34,36,14,12,27,13,17,19,14,8,12,4,3,8,8,4,5,9,5,5,6,6,8,6,4,4,8,9,6
Brent,0,0,0,0,0,0,1,1,3,4,10,9,3,7,8,9,23,20,22,21,18,26,46,27,45,45,48,32,52,57,46,56,59,53,49,36,37,28,43,29,40,22,27,25,32,30,40,36,28,21,17,20,17,16,16,14,13,20,19,18,19,18,9,5,8,6,8,8,19,8,3,8,7,4,7,3,1,3,5,11,9,3,4,3,4,1,1,3,2,1,7,6,0,1,3,2,5,3,2,1,4,4,4,3,3,0,3,4,1,1,1,2,4,2,2,2,5,4,0,2,1,2,2,1,0,2,3,4,4,2,1,0,0,2,1,2,2,2,2,0,0,3,6,9,3,6,2,3,8,3,3,4,3,1,1,0,1,4,5,5,3,1,7,7,10,3,3,2,2,7,3,3,7,5,3,4,2,4,7,11,10,10,4,3,12,10,11,6,8,5,14,12,21,20,6,9,2,8,12,9,12,14,12,19,17,23,32,32,23,21,22,33,30,35,53,45,22,32,56,26,56,63,46,43,26,34,56,54,52,51,46,38,65,62,71,58,58,34,30,72,77,66,60,55,59,33,91,105,84,119,87,68,60,134,119,106,120,101,77,57,141,109,104,94,87,66,63,70,97,96,75,74,58,63,69,73,75,83,75,69,78,132,107,124,130,157,142,139,216,255,291,297,313,206,258,386,393,438,301,145,455,438,349,726,547,528,243,506,501,655,580,566,523,414,432,404,523,469,491,447,417,294,271,370,348,329,315,302,252,135,259,205,204,207,166,147,131,150,161,128,113,119,67,75,102,95,68,64,56,43,47,70,59,40,49,54,40,41,46,59,33,32,35,25,23,27,28,33,18,17,13,19,28,25,26,26,16,18,22,29,24,23,25,32,26,21,25,15,31,21,19,12,7,23,9,14,18,4,10,3,11,20,11,20,15,13,10,16,11,14,12,18,18,20,17,11,6
Bromley,1,0,0,0,0,0,0,1,1,2,5,6,4,6,7,6,9,13,6,18,16,24,35,30,26,29,30,33,22,39,46,49,39,31,37,28,40,38,47,33,24,25,13,33,22,26,29,26,15,13,19,11,14,38,23,21,13,24,11,35,24,15,15,11,14,14,36,20,24,4,11,7,20,7,7,10,5,2,6,5,4,1,5,1,3,3,0,4,6,1,0,1,2,2,3,2,1,1,1,2,1,1,0,0,1,2,1,1,0,4,1,0,0,0,0,0,0,1,1,0,2,2,0,2,1,1,1,0,2,1,2,1,0,0,1,1,2,1,0,1,0,2,0,1,1,0,1,0,2,1,3,2,2,0,1,1,2,6,1,5,0,1,5,8,5,1,2,2,4,7,2,7,8,2,7,5,4,4,6,4,3,5,3,2,13,14,7,8,10,4,11,12,7,13,5,1,6,13,3,4,6,12,7,8,13,9,21,10,11,9,7,15,18,32,21,18,24,34,29,41,26,27,33,26,28,44,40,63,33,39,24,46,67,55,61,58,64,47,32,80,64,43,38,55,26,28,75,57,57,59,55,48,55,72,75,82,82,87,79,61,92,75,84,48,51,39,34,81,82,74,71,92,58,52,126,87,94,86,111,88,112,116,153,210,191,197,179,202,283,354,390,378,431,302,386,548,586,475,348,161,448,582,443,893,654,468,276,487,449,584,485,428,354,290,271,224,342,256,286,243,224,187,164,295,203,172,195,154,132,103,180,126,120,109,104,67,59,94,83,72,78,69,40,33,64,41,50,42,36,20,23,27,22,35,29,26,19,22,38,20,21,11,12,17,5,13,18,9,14,9,15,6,16,15,20,15,19,14,10,6,17,10,7,17,8,10,13,9,15,12,6,3,14,9,7,7,9,5,3,6,3,9,6,4,2,4,3,4,6,3,3,3,2,5,11,4,2
Camden,0,2,0,0,0,1,1,2,1,2,10,5,5,1,3,3,4,10,4,6,15,11,13,21,22,29,19,11,6,18,18,19,26,19,23,16,17,20,22,17,9,9,8,13,9,21,11,10,15,6,8,6,9,11,4,7,2,2,5,4,8,8,1,2,0,5,4,9,3,2,2,6,3,4,1,1,1,0,2,1,3,2,1,0,2,1,0,1,0,1,0,2,0,2,2,0,0,0,3,1,1,0,2,2,1,2,0,1,0,2,1,1,0,0,0,0,1,1,0,0,1,0,1,0,0,0,0,3,1,1,0,0,0,1,3,0,1,1,0,1,1,0,0,1,2,1,3,3,1,1,1,1,2,1,0,1,2,3,5,1,2,3,4,5,3,3,1,6,1,9,2,2,10,6,2,3,10,9,2,3,7,5,3,4,4,9,5,7,1,1,13,10,7,11,11,9,3,9,10,5,5,11,4,14,4,11,15,10,10,11,7,15,7,23,19,29,19,20,53,42,55,41,53,28,19,43,62,54,55,46,30,30,69,57,52,51,47,35,17,70,50,44,41,46,25,28,59,47,43,29,53,25,30,89,42,74,57,47,35,27,61,38,36,31,28,15,30,49,39,52,42,28,29,25,37,40,41,46,41,34,33,69,62,75,79,92,94,91,157,134,201,223,199,135,129,249,274,271,195,69,246,254,226,378,360,227,117,267,269,328,284,302,223,198,180,158,206,215,137,180,158,102,90,172,113,135,110,121,79,64,86,70,78,54,56,43,38,49,61,35,33,39,21,24,37,22,17,38,23,14,11,31,24,16,24,23,21,13,16,20,15,7,14,10,6,13,12,15,12,18,10,7,6,13,16,9,10,5,5,10,12,8,6,8,6,8,12,11,10,9,5,7,7,5,5,6,5,12,5,1,2,6,6,8,11,5,8,6,7,3,6,9,3,8,7,9,4
Croydon,0,0,0,0,0,0,1,0,1,0,5,8,4,14,7,13,21,15,9,25,25,24,36,27,44,44,42,22,26,56,47,56,82,49,49,35,42,45,58,44,25,23,32,26,51,43,33,34,32,14,25,24,28,33,24,15,22,35,32,18,25,19,19,7,15,8,10,9,13,6,3,5,10,8,9,10,9,2,6,6,12,9,3,8,3,6,5,5,1,5,0,1,1,5,2,2,3,2,1,2,3,0,3,0,0,1,0,0,1,2,0,2,1,1,1,4,2,3,0,0,0,2,0,1,1,0,2,7,0,1,2,1,1,1,0,1,2,2,1,0,1,2,1,3,0,1,2,2,4,2,3,2,0,0,0,4,3,1,0,5,2,1,4,2,5,2,4,0,2,11,6,4,6,2,1,2,13,4,3,5,7,5,4,9,13,20,10,15,7,5,11,17,8,12,6,3,4,6,7,8,8,18,5,6,12,12,13,21,23,23,23,27,28,50,30,44,23,24,42,34,30,39,47,26,30,49,31,45,48,51,30,37,59,63,86,71,70,40,43,86,76,78,62,65,42,41,102,68,52,65,76,57,50,93,98,109,88,102,76,70,106,97,103,84,92,59,51,83,80,81,67,103,51,56,108,97,104,91,109,103,90,132,137,162,220,214,231,193,341,371,394,415,447,288,374,557,663,531,464,174,476,568,433,866,849,557,333,588,636,829,627,625,576,531,452,371,561,481,469,454,396,297,244,387,335,343,264,267,165,148,211,198,204,170,150,102,106,141,128,123,129,96,77,65,68,67,66,54,67,34,39,57,59,54,65,57,39,31,38,43,27,48,22,15,21,27,39,15,18,13,13,21,25,20,19,23,26,9,18,16,14,11,10,10,11,11,14,9,14,10,13,12,4,17,7,6,4,7,8,8,5,10,13,11,14,7,4,9,8,10,3,4,4,9,14,6,4
Ealing,0,1,1,1,1,0,1,1,0,5,10,3,3,2,8,14,9,18,18,16,12,18,29,33,36,29,34,20,25,30,40,25,44,32,26,14,30,44,36,30,46,26,28,35,27,44,25,22,19,17,24,21,15,17,22,16,18,19,16,23,20,18,21,7,12,7,12,19,15,5,2,10,11,24,19,11,1,2,4,4,10,4,12,2,2,5,4,5,8,4,4,2,4,2,5,4,4,3,1,2,7,1,0,4,1,1,0,3,1,2,3,5,1,2,6,6,3,1,2,2,7,0,3,2,3,1,3,0,1,1,2,2,1,2,2,2,2,0,3,2,2,9,0,6,2,3,1,1,4,5,3,2,3,5,7,7,3,10,3,7,2,5,6,4,4,6,7,10,3,14,14,7,8,8,9,11,8,6,7,8,3,5,8,11,8,12,8,11,13,6,23,19,14,12,10,13,4,15,3,13,6,19,12,19,17,28,25,20,30,27,29,40,35,30,65,32,41,55,77,57,81,68,79,49,40,76,71,83,84,82,57,67,150,131,128,148,107,77,74,130,102,93,120,87,75,52,173,118,119,103,110,70,116,145,127,137,149,143,106,81,147,90,109,100,103,67,67,120,95,108,69,80,70,52,97,89,99,82,89,67,78,105,97,112,127,170,125,138,217,258,264,287,328,191,259,381,414,412,335,171,392,411,304,665,624,481,263,569,482,652,613,592,543,475,422,407,516,509,414,449,419,351,299,450,376,306,316,314,219,186,266,204,210,213,208,167,136,206,184,164,142,129,99,86,112,121,91,97,75,58,63,91,52,76,49,72,48,55,63,81,63,39,33,34,30,44,39,40,37,27,26,38,44,57,32,18,27,24,20,55,28,21,32,25,32,31,25,22,25,25,26,23,28,17,25,19,15,14,11,6,21,15,24,16,16,9,17,25,8,8,18,14,14,19,10,11,9
Enfield,0,0,0,0,0,1,0,1,1,5,2,6,4,7,2,2,12,7,15,20,8,18,22,24,21,16,16,20,9,25,26,27,29,26,20,14,34,32,31,30,24,22,22,14,37,15,22,36,17,13,31,24,26,26,26,27,17,13,13,15,11,12,10,4,9,9,5,2,7,1,2,6,8,7,4,4,7,10,6,8,3,2,2,1,3,2,3,3,1,3,0,1,0,3,1,2,0,2,0,0,3,0,2,4,2,1,3,3,2,0,0,1,0,1,3,1,4,1,3,0,4,2,1,2,1,3,1,2,1,1,0,0,0,0,6,3,1,2,0,4,3,0,1,1,1,1,0,2,1,4,3,7,2,2,3,3,2,2,4,2,1,6,2,6,2,1,4,2,2,6,7,9,9,6,3,7,7,9,10,5,4,3,2,8,9,11,8,17,17,10,24,17,10,21,9,8,4,14,7,13,18,20,10,22,15,17,19,21,24,17,24,34,35,31,34,38,24,26,43,33,42,64,37,37,44,52,46,58,111,86,51,58,85,100,78,73,72,67,47,87,85,64,81,58,43,51,111,82,74,73,80,59,53,100,108,115,132,123,76,89,124,113,113,99,89,89,63,98,84,63,77,69,61,96,123,93,144,94,139,109,143,195,199,253,262,282,233,318,397,446,435,449,464,256,389,692,556,638,453,242,569,545,498,899,761,517,309,617,585,865,646,581,427,398,369,317,464,363,371,400,296,247,201,282,270,249,199,196,150,118,205,160,173,132,112,96,69,122,78,106,74,73,61,51,55,52,45,54,32,23,29,44,18,39,44,21,31,24,31,21,17,15,24,13,12,17,21,21,11,12,16,7,13,15,18,8,18,8,6,19,15,21,13,12,6,18,22,20,19,13,11,8,13,6,14,5,9,8,12,4,6,7,6,10,8,5,10,10,6,5,16,11,1,12,19,5,4
Greenwich,0,0,0,0,0,0,1,0,0,3,4,6,5,2,6,5,14,12,6,14,18,6,13,17,17,10,18,14,11,16,30,32,27,26,15,25,36,20,26,21,19,16,15,11,31,16,13,12,10,8,10,10,14,12,14,10,11,10,11,22,10,11,3,1,6,6,4,9,10,2,6,4,7,10,2,7,3,2,5,5,1,6,1,3,0,2,5,3,1,5,0,1,1,3,3,3,3,1,1,2,5,1,1,3,0,0,1,1,3,3,1,0,0,4,2,0,1,0,0,1,1,1,0,1,1,1,2,1,2,1,0,1,1,1,2,0,3,1,1,0,0,0,4,4,3,2,3,4,3,0,0,6,1,1,2,1,2,5,3,0,0,1,2,3,6,1,0,2,0,2,2,1,3,4,0,3,4,7,0,4,10,7,7,2,9,10,5,5,4,4,11,7,10,4,11,14,1,5,4,6,7,7,5,9,9,18,19,20,15,17,15,18,19,19,28,30,16,13,30,36,49,32,20,20,17,40,32,43,36,40,23,26,51,48,47,59,36,45,38,70,46,50,47,45,31,23,74,59,46,49,52,39,32,92,88,95,82,58,71,54,116,101,80,87,61,37,41,95,64,69,57,57,42,48,67,99,88,107,108,66,67,129,87,165,176,154,118,170,249,262,344,284,328,214,260,407,404,407,236,131,377,411,395,721,559,404,220,473,414,648,482,479,406,401,294,261,376,318,317,298,293,203,187,318,248,254,204,169,136,72,128,137,139,137,101,74,81,91,100,76,83,67,43,38,47,56,42,34,34,21,24,32,32,22,37,31,23,18,23,23,25,17,20,16,15,21,21,23,11,13,8,11,22,21,11,12,20,10,6,20,14,14,27,11,6,29,20,31,13,12,13,6,13,15,9,9,14,5,3,5,4,5,5,10,5,5,8,8,8,5,8,5,6,7,7,8,5
Hackney and City of London,0,0,0,0,0,0,0,1,1,1,8,6,4,5,2,6,6,7,6,14,5,15,20,20,16,24,17,12,15,20,31,34,38,28,26,22,25,29,19,18,16,15,11,9,7,12,6,10,6,10,14,5,8,8,5,1,7,4,3,10,6,12,7,4,4,6,5,8,3,3,0,4,3,5,1,3,0,1,5,6,2,2,0,1,1,1,1,2,1,2,1,1,3,1,5,1,1,0,0,0,1,1,0,0,2,0,2,1,0,3,1,0,0,1,0,1,0,1,0,2,0,3,3,2,3,0,6,1,1,4,1,4,2,3,8,12,10,8,1,7,5,13,11,5,3,7,2,13,9,9,15,9,4,1,6,6,13,5,2,6,0,4,6,11,1,6,6,1,7,6,9,16,19,10,3,16,13,12,5,6,9,3,5,6,8,5,13,14,9,2,9,17,14,15,10,8,4,15,12,5,11,8,7,12,21,13,25,32,30,14,21,29,26,54,47,56,34,28,68,63,76,48,51,25,32,80,74,65,77,76,28,79,92,111,86,73,61,50,59,78,84,71,42,51,52,39,84,61,46,49,53,44,47,89,65,73,102,88,48,44,90,89,74,61,50,26,59,57,53,56,84,67,39,30,91,82,105,78,103,53,72,125,109,145,133,200,144,157,293,286,324,353,368,290,305,432,412,373,261,147,334,406,303,590,462,411,196,315,377,530,431,379,359,310,269,231,380,311,301,274,259,172,160,252,203,167,194,144,124,81,123,109,90,90,95,67,53,79,63,54,39,38,34,30,50,40,29,29,33,18,27,38,28,17,21,32,21,23,26,28,17,20,7,15,7,10,14,16,7,15,11,3,8,6,5,6,6,9,4,6,7,8,4,13,5,8,15,8,13,9,10,7,5,9,3,6,5,7,9,8,3,9,19,11,12,7,13,10,7,2,5,11,4,9,10,8,3
Hammersmith and Fulham,0,0,0,1,0,2,0,0,3,3,11,1,3,2,3,3,8,9,3,8,11,13,13,14,19,24,8,12,7,12,19,27,20,20,16,10,16,22,19,10,17,4,7,9,9,30,25,17,4,6,10,19,23,50,10,3,5,5,4,9,5,9,1,2,5,1,2,4,3,1,1,2,2,3,1,2,0,1,3,1,5,3,4,0,0,1,1,0,0,3,0,0,1,2,3,1,0,2,1,1,1,1,0,1,0,1,0,0,3,2,2,1,0,3,3,4,4,0,5,0,0,3,1,1,2,0,3,0,0,1,2,0,0,0,1,0,0,1,2,0,0,3,1,4,1,5,1,2,3,0,1,3,4,4,0,1,4,4,2,7,3,0,4,4,6,5,6,4,0,7,2,1,11,3,7,4,7,5,5,6,8,5,6,5,13,8,9,10,9,2,9,8,6,8,5,10,5,6,5,8,4,9,7,1,5,12,15,18,11,19,6,16,13,27,30,19,20,16,25,32,29,39,30,35,14,37,44,46,54,52,39,33,66,73,65,69,61,40,40,74,58,76,48,40,33,28,66,49,44,42,40,37,33,69,66,75,46,77,32,34,52,43,48,47,42,24,22,31,33,28,32,25,21,16,33,28,32,22,35,27,28,53,61,59,62,75,53,80,140,127,160,166,162,135,142,218,234,191,125,55,158,186,187,295,295,183,80,216,194,270,228,171,230,152,122,136,186,148,192,148,149,101,113,134,110,100,109,87,73,65,90,111,108,80,69,53,47,83,56,70,51,48,40,27,39,55,47,39,23,21,14,27,24,32,42,28,21,14,17,27,19,14,26,14,7,8,15,8,13,6,6,8,14,10,8,11,11,4,6,12,8,8,10,8,4,16,9,13,20,14,13,3,14,8,7,2,7,7,2,1,4,5,6,10,4,6,8,11,4,7,8,12,6,9,10,6,0
Haringey,0,0,0,0,0,0,0,1,2,3,6,7,8,1,4,2,4,13,10,11,11,11,15,19,13,10,19,16,16,20,18,23,28,27,17,9,14,30,15,20,11,10,12,17,10,14,5,7,4,17,5,11,7,13,9,9,7,9,4,10,3,9,3,1,3,5,6,13,6,2,4,4,1,4,5,7,5,1,0,1,2,4,1,2,3,1,0,5,1,0,1,0,1,0,1,1,0,1,1,0,1,0,0,1,2,1,2,1,2,0,0,1,1,2,1,3,1,0,1,1,0,0,1,0,0,3,2,3,3,1,1,3,0,2,4,1,1,1,2,3,2,3,2,4,1,3,0,3,1,2,4,3,1,4,2,2,0,2,3,4,1,2,3,5,5,5,3,4,1,4,6,8,9,3,4,9,4,3,6,3,9,4,4,3,8,6,17,15,12,7,17,11,7,11,23,6,3,9,8,11,11,5,10,20,7,12,13,12,18,18,26,33,26,35,32,25,22,26,35,32,56,55,45,32,22,53,50,47,47,39,32,42,81,71,79,59,66,54,39,78,56,41,59,69,44,44,76,53,49,46,49,40,51,61,60,58,78,57,48,42,68,47,69,44,54,35,34,55,42,53,52,74,52,57,81,74,81,72,110,76,69,102,100,128,134,158,134,183,250,285,319,273,340,218,287,416,417,415,275,138,385,431,326,623,497,327,225,403,396,528,453,467,353,313,275,212,389,299,266,231,266,158,153,248,240,181,148,175,122,78,129,128,119,108,100,81,43,80,65,62,52,45,37,29,52,38,48,43,37,20,24,36,28,25,23,26,20,18,26,24,31,13,13,9,10,7,14,13,8,9,6,11,16,12,10,8,18,10,7,10,5,11,13,9,9,13,12,9,13,9,18,13,10,15,11,5,4,7,5,4,4,5,2,2,8,4,3,11,4,9,9,5,1,12,5,2,2
Harrow,0,0,1,0,0,0,0,0,5,1,5,7,4,9,6,12,14,23,11,14,18,15,19,25,29,29,40,27,23,27,27,23,31,23,26,26,26,29,26,30,26,15,15,22,17,17,23,28,15,26,17,28,19,18,15,19,14,23,14,29,16,10,7,7,20,11,13,17,9,7,0,3,7,3,9,5,0,4,5,4,5,4,2,1,0,0,2,4,4,1,4,0,1,5,2,2,1,3,2,6,4,2,2,1,0,0,0,1,0,1,1,1,0,2,0,1,1,0,3,1,1,1,0,2,0,3,1,2,2,3,2,2,1,1,1,3,2,0,0,0,0,4,4,0,1,1,1,2,5,5,2,2,3,1,2,0,4,2,2,7,0,0,5,2,4,5,3,4,1,8,6,1,9,7,3,4,9,15,5,4,5,8,9,4,7,19,13,7,10,5,19,11,13,6,6,4,3,14,5,8,13,9,11,11,8,20,17,21,12,14,15,28,23,27,33,36,29,27,49,27,51,40,44,21,20,44,70,35,37,48,33,32,58,61,58,46,57,43,40,52,55,65,48,50,44,29,96,49,56,61,51,46,55,79,95,76,72,79,53,45,77,94,63,57,64,37,38,70,46,38,50,54,48,63,76,74,86,94,98,60,70,100,111,107,134,179,131,178,219,220,215,271,221,186,224,318,345,301,319,142,357,378,284,449,447,310,157,340,348,420,395,362,316,311,268,186,311,272,254,247,234,190,178,245,199,214,196,170,156,91,167,128,150,151,119,79,72,120,93,87,87,68,51,45,66,55,56,46,46,24,33,48,46,39,41,43,34,35,37,36,25,29,25,11,9,27,20,26,31,29,12,13,29,24,21,22,20,20,17,25,23,15,17,11,14,10,20,21,35,23,22,9,16,24,10,15,16,6,7,12,11,14,14,14,37,7,11,5,13,10,11,22,4,5,1,12,10
Havering,0,0,0,0,0,1,0,0,1,0,2,1,1,2,5,2,3,10,7,4,6,13,10,16,13,11,10,6,9,17,27,30,32,37,21,23,28,37,35,26,26,18,24,17,15,21,22,10,11,15,14,10,12,14,11,11,8,13,7,9,11,20,10,8,16,7,8,1,3,0,4,4,2,4,6,7,4,2,2,3,7,10,2,0,1,2,3,2,1,0,0,2,1,2,3,2,1,0,2,2,3,2,0,2,1,1,3,1,0,0,1,0,0,1,6,3,1,1,2,0,2,1,1,1,3,2,0,1,3,3,1,2,0,1,1,7,2,3,1,2,1,6,6,1,5,0,1,0,3,4,3,5,2,3,1,4,6,1,1,2,1,1,2,4,2,1,4,4,2,2,5,3,4,5,3,8,1,5,2,17,8,5,3,6,15,11,18,12,15,16,12,14,10,12,20,5,9,4,12,9,21,19,13,18,14,17,39,19,19,27,25,26,18,23,20,29,30,16,50,29,35,53,44,22,28,58,44,52,50,43,31,42,64,95,58,78,55,44,54,99,77,71,78,81,84,50,152,114,104,118,92,75,72,165,119,160,145,169,141,106,170,149,132,146,98,75,91,113,93,126,103,119,109,94,144,131,137,170,158,151,148,229,235,240,258,290,303,380,512,435,539,501,511,355,426,583,569,488,327,137,432,522,329,700,653,537,281,541,424,554,426,391,320,318,231,201,311,292,257,266,217,197,163,213,203,134,131,129,121,105,138,101,115,95,74,77,70,82,69,67,88,83,42,56,46,56,32,38,32,29,28,47,36,28,37,24,20,17,31,36,14,24,15,8,23,11,15,10,14,13,8,9,11,28,22,15,9,12,15,18,12,13,9,12,9,8,17,8,11,15,15,7,11,11,8,6,10,11,6,2,6,5,4,7,7,3,5,9,6,3,5,4,6,7,6,6,8
Hillingdon,0,1,0,1,2,0,0,2,0,2,2,4,3,1,5,9,16,5,13,11,9,10,17,18,17,20,26,11,18,19,33,22,18,44,17,16,22,27,18,32,21,17,12,17,17,22,19,33,21,24,25,14,16,21,13,11,14,18,13,9,13,15,12,5,13,7,12,12,1,5,2,3,10,5,9,3,5,2,1,5,3,7,1,1,4,3,1,2,3,2,0,2,3,0,4,1,0,0,0,7,2,5,1,3,2,1,0,4,0,0,1,1,2,5,5,3,1,3,1,3,3,6,3,5,3,3,3,4,5,0,3,0,1,3,1,1,3,7,1,2,0,3,2,2,2,4,0,1,1,6,1,3,1,3,1,3,4,5,5,4,2,4,11,6,9,3,5,7,7,6,17,4,3,4,7,3,4,5,7,2,8,8,1,7,7,11,5,24,7,14,20,3,15,14,8,7,5,10,11,23,8,14,21,15,15,26,45,21,28,19,25,18,29,25,51,35,22,32,47,48,40,51,45,43,22,56,57,67,72,71,50,49,101,82,92,103,75,55,68,92,105,84,104,59,55,61,134,82,86,85,78,85,74,118,134,99,125,119,61,93,103,97,88,76,81,52,63,86,84,70,64,66,50,66,76,98,94,76,90,78,70,115,117,90,138,156,132,161,247,235,299,282,306,166,322,439,440,368,411,177,383,434,312,659,625,306,236,500,456,569,537,455,453,369,285,261,406,350,341,325,294,242,237,303,263,238,232,281,168,165,235,177,192,187,171,103,96,172,157,141,136,108,73,52,79,103,85,68,68,47,48,60,103,62,51,47,33,42,42,47,45,41,29,35,22,26,37,35,26,30,32,29,30,36,41,32,40,31,27,41,32,27,26,17,22,24,34,23,35,25,18,16,22,15,24,18,22,10,19,21,13,25,23,14,18,18,17,26,18,12,14,17,14,20,20,8,8
Hounslow,1,1,1,0,0,0,0,0,0,2,6,1,5,4,5,9,8,11,13,7,14,8,17,15,17,15,27,8,15,24,22,32,33,24,17,19,16,25,23,24,16,9,13,9,20,17,16,18,14,23,13,22,8,15,18,21,15,8,12,19,30,13,10,5,15,4,10,9,9,9,4,3,9,5,5,5,3,4,2,1,2,3,5,1,0,2,3,2,3,1,1,1,1,1,4,4,7,4,5,1,6,10,2,0,1,1,2,2,3,3,3,1,5,2,4,4,10,2,0,2,0,2,4,3,1,0,2,1,1,3,1,3,1,3,3,2,1,3,2,0,2,4,2,3,2,5,0,2,3,3,3,1,6,4,9,10,5,2,8,3,4,5,9,17,6,5,3,7,4,6,7,4,7,3,5,3,3,2,9,3,2,9,9,8,12,6,14,18,17,5,27,5,18,26,13,11,6,17,10,9,5,7,12,15,8,20,34,15,31,26,18,16,18,31,37,39,22,44,34,36,43,61,53,46,16,39,55,69,65,67,45,37,80,84,87,88,61,54,53,85,60,81,84,70,39,39,85,76,63,81,56,67,71,85,78,69,98,74,55,61,120,91,86,75,64,47,48,77,83,73,73,53,52,37,65,52,90,56,70,49,68,86,89,126,119,147,110,99,191,175,276,245,271,162,257,342,396,275,349,153,417,389,324,571,596,395,279,467,472,531,517,460,397,366,276,330,453,381,379,391,333,270,253,312,319,260,252,199,179,115,218,178,151,179,168,143,126,165,137,135,111,90,82,74,87,82,67,60,60,38,50,92,57,57,61,54,51,49,51,44,37,29,31,25,26,24,32,33,30,23,23,20,24,28,18,21,27,21,23,24,22,19,31,19,26,24,31,30,31,18,17,11,15,24,11,15,16,10,12,10,17,27,5,24,14,18,4,19,13,15,8,21,10,17,15,8,4
Islington,0,0,0,0,0,0,0,1,0,2,2,10,5,5,6,5,7,8,9,3,9,8,24,19,11,8,15,7,12,17,20,17,21,15,17,5,8,14,12,12,4,4,7,7,7,11,7,12,4,1,12,4,3,8,4,1,7,7,4,2,6,5,1,4,4,2,2,2,6,4,0,5,2,4,1,4,2,2,1,3,1,1,2,1,0,2,1,2,0,1,1,0,1,1,1,0,3,0,1,0,0,1,3,1,1,1,1,1,1,3,0,1,0,0,0,1,0,0,1,0,2,1,1,1,1,0,2,1,1,0,2,0,0,2,1,2,1,2,1,2,0,2,3,1,2,3,1,2,2,2,1,1,2,2,0,2,2,2,5,3,0,0,1,3,2,0,0,2,0,5,2,3,4,8,2,1,7,4,2,6,3,3,1,3,6,12,9,11,8,5,14,8,8,4,6,6,1,7,12,12,6,4,11,7,14,15,14,13,17,14,14,31,16,45,28,25,17,24,33,35,34,33,42,23,22,41,40,41,54,45,34,29,61,61,72,71,43,37,28,58,50,45,42,41,31,23,49,52,41,63,57,47,47,90,61,68,54,60,40,28,61,53,53,37,43,28,30,49,37,29,37,40,28,38,59,51,37,32,51,47,41,61,75,79,125,113,82,96,202,210,240,238,255,191,189,267,313,269,153,86,277,281,200,399,382,244,144,256,325,370,314,318,220,218,172,135,268,222,170,180,217,98,96,159,105,137,109,100,86,63,111,91,79,77,57,47,34,61,47,54,27,47,34,20,34,23,26,28,20,11,9,14,12,13,14,20,13,23,25,9,9,7,10,9,13,8,12,5,16,7,7,4,6,17,10,6,7,12,3,20,17,18,19,5,8,8,10,8,14,9,9,5,12,7,14,2,3,6,7,5,5,8,8,7,6,6,6,7,6,5,8,4,1,5,1,2,3
Kensington and Chelsea,0,4,0,4,6,0,1,2,4,10,10,6,3,4,1,6,7,8,5,5,5,6,9,8,14,24,20,9,9,23,19,16,21,15,7,6,11,19,20,18,11,4,3,7,7,6,9,8,6,1,7,6,17,6,0,5,3,5,3,2,5,5,2,3,1,1,3,4,2,2,0,1,2,1,0,1,0,2,2,0,1,5,0,1,1,0,1,0,1,2,1,0,1,0,0,0,0,1,3,1,0,0,0,1,0,2,0,1,6,0,1,0,0,2,2,3,1,0,0,0,0,1,0,0,1,0,0,1,1,1,0,1,0,0,0,0,3,1,1,0,1,2,3,2,0,4,1,1,1,3,2,0,3,1,1,1,2,1,2,0,3,4,4,3,5,5,1,1,2,4,2,4,7,3,2,3,12,6,5,8,6,2,7,5,8,12,9,7,4,7,8,3,10,9,10,2,0,5,10,5,4,6,2,6,6,5,12,7,4,6,5,14,17,17,16,30,21,14,24,25,30,29,24,7,8,37,31,32,45,29,25,20,45,56,45,38,33,23,20,32,27,37,38,26,18,17,36,27,21,21,25,20,31,42,27,48,41,23,27,24,38,38,25,28,34,15,22,27,31,25,27,16,19,17,43,16,26,25,31,23,28,35,44,33,35,61,48,53,103,91,102,102,129,81,82,168,153,137,103,32,119,138,151,203,174,143,69,136,141,183,144,194,177,142,102,94,147,119,99,89,89,74,61,106,61,63,62,64,47,35,56,43,53,49,49,30,27,40,37,38,33,31,21,15,23,21,20,20,31,14,10,17,16,21,13,11,10,9,7,10,11,10,12,5,6,8,5,7,2,7,3,2,8,7,10,4,7,4,4,6,8,3,8,6,7,7,7,8,9,5,15,6,11,7,14,9,9,7,1,7,7,8,8,6,6,3,7,10,6,9,10,9,3,5,11,5,2
Kingston upon Thames,0,0,0,0,0,0,0,1,0,0,1,1,1,3,2,5,6,2,6,6,1,1,11,16,13,13,11,6,13,19,12,9,16,20,11,9,13,18,21,19,10,4,23,13,19,17,19,22,20,10,10,16,10,18,7,5,5,10,3,19,16,9,12,5,8,5,5,6,4,2,9,9,9,8,12,3,1,0,2,2,7,4,4,0,1,3,2,1,1,5,1,0,1,1,2,3,0,2,2,2,2,1,1,2,2,0,0,1,1,0,0,0,0,0,0,1,2,0,0,0,0,1,1,1,1,1,1,1,0,0,0,2,1,0,2,1,0,1,1,0,0,1,2,0,1,0,1,1,0,0,0,2,0,1,0,2,2,3,1,1,3,3,3,4,4,4,2,3,4,3,2,3,1,2,1,3,2,4,3,4,2,2,7,8,1,3,4,4,4,2,6,5,2,6,4,10,2,1,4,5,5,4,5,5,5,5,5,11,6,12,8,16,10,13,16,23,20,12,19,22,27,26,26,14,15,24,28,57,38,34,25,40,56,65,77,53,46,29,26,64,45,36,40,29,30,24,48,35,33,39,31,49,29,49,57,57,66,42,37,38,43,55,39,38,22,30,41,44,43,62,53,33,50,27,70,63,80,54,54,55,64,77,77,74,112,100,98,98,163,152,149,167,157,106,145,188,204,186,175,58,197,193,164,320,278,212,120,198,175,238,188,166,170,122,108,91,148,136,111,98,93,87,100,124,99,101,89,72,68,43,108,109,77,70,59,34,31,70,66,40,62,49,26,27,32,35,26,28,36,24,21,33,22,22,19,21,7,8,11,17,8,12,7,4,9,14,10,11,10,19,14,10,18,16,11,19,10,8,8,15,16,15,10,5,9,11,13,11,3,14,7,7,14,7,10,7,8,7,6,7,4,7,13,4,5,14,9,3,4,4,5,4,2,8,7,5,3
Lambeth,0,0,1,1,0,1,2,0,2,8,14,4,11,10,13,16,21,17,22,30,18,33,28,25,36,42,34,37,27,54,42,49,42,40,32,18,42,40,31,33,17,47,17,17,11,24,21,12,17,11,15,12,16,23,12,8,9,11,9,10,8,11,3,4,5,5,5,8,2,6,3,5,3,6,9,7,1,0,2,2,6,10,2,5,2,1,3,0,1,0,0,0,2,1,1,1,1,2,1,0,4,1,2,0,1,2,0,2,0,0,1,0,0,0,0,0,2,1,0,0,1,1,1,0,1,0,1,6,2,2,1,1,1,0,2,3,3,2,0,1,1,4,4,4,3,3,2,1,2,9,1,8,3,0,10,11,3,5,3,1,1,2,4,3,5,6,9,3,0,12,3,5,7,12,2,1,6,7,10,15,9,4,4,6,15,11,21,12,14,12,22,10,15,12,10,5,2,7,12,5,6,12,10,13,24,18,19,18,19,13,19,25,22,46,41,37,27,29,37,39,47,51,52,23,20,47,58,64,70,84,35,39,81,88,96,77,62,48,40,104,83,60,82,79,38,52,92,57,55,67,83,54,59,95,74,81,91,81,50,43,106,48,71,55,65,50,34,59,59,43,42,56,48,35,82,70,56,61,75,54,36,98,123,129,186,169,151,150,249,298,348,399,379,254,285,471,468,382,308,129,353,379,346,654,535,394,216,384,399,641,463,527,548,369,323,212,439,360,358,390,298,234,174,320,239,193,183,178,133,100,193,170,152,135,122,97,73,129,95,112,101,75,58,43,67,59,76,43,50,34,24,42,55,25,49,28,27,16,29,21,19,21,21,21,12,18,19,23,14,17,13,11,20,15,16,14,8,16,11,27,12,9,15,13,9,15,20,13,16,14,7,5,11,10,11,6,10,3,2,5,2,2,12,7,8,5,7,8,12,7,11,5,7,14,14,4,5
Lewisham,0,0,0,1,0,0,1,0,0,1,5,9,3,2,6,11,8,9,16,22,8,19,28,15,25,25,35,21,26,28,38,37,55,51,29,32,46,30,29,33,13,15,19,29,16,25,17,29,6,11,14,31,7,15,11,13,7,16,14,8,15,8,7,6,5,7,6,9,7,2,3,7,5,10,3,1,3,1,2,4,2,5,2,1,2,4,2,1,2,4,0,2,3,0,1,1,1,1,2,1,0,3,2,0,1,0,0,1,2,2,1,0,1,1,1,0,0,2,0,0,1,2,0,0,0,0,0,0,3,4,3,0,0,0,2,4,4,4,1,1,1,4,2,0,3,5,5,0,4,1,4,3,3,1,0,1,1,4,4,7,0,1,2,3,4,3,4,1,2,4,5,6,4,7,2,6,4,2,3,6,8,0,0,10,8,16,11,7,4,4,10,13,9,6,9,5,3,10,9,12,9,8,8,10,11,8,17,17,19,15,20,26,15,30,36,30,23,24,29,38,41,36,47,24,15,52,28,52,28,41,35,22,54,47,54,58,45,33,34,53,42,52,50,42,24,19,79,47,37,45,46,33,31,81,61,64,49,77,43,35,70,57,43,48,42,26,21,61,43,61,46,52,44,29,56,56,65,57,78,50,52,101,113,117,152,159,138,157,269,279,304,306,276,230,253,420,430,422,292,117,361,434,326,728,575,444,192,468,426,570,545,500,435,378,323,264,363,332,324,307,244,185,147,324,248,188,177,179,117,90,175,133,125,156,85,63,59,107,94,78,65,64,45,30,48,34,50,36,32,24,22,25,29,21,22,22,16,11,27,16,16,11,16,9,9,7,8,11,7,8,14,9,11,13,8,15,13,7,9,17,14,14,9,18,8,12,11,11,10,13,9,4,18,7,9,3,3,6,0,7,4,7,9,6,3,5,3,2,4,6,10,3,7,7,8,3,0
Merton,0,0,0,0,0,2,0,0,1,6,7,3,7,6,1,6,10,13,11,9,7,8,15,22,24,14,24,14,13,23,27,27,33,23,15,17,37,17,16,22,15,18,13,21,13,14,13,21,9,13,12,13,8,10,14,11,5,8,11,8,11,10,7,10,4,5,14,8,3,2,4,2,10,10,3,4,3,4,9,10,8,5,0,3,2,0,3,2,3,1,0,0,4,1,0,1,0,3,0,1,4,1,0,1,0,1,2,3,0,1,2,0,0,7,0,1,2,1,2,1,1,0,2,1,1,0,1,1,0,0,0,2,2,0,2,0,0,1,4,1,0,4,1,0,2,1,0,0,0,1,2,1,4,0,2,2,3,2,1,2,0,0,2,2,7,5,2,1,3,2,2,6,0,2,4,4,1,1,1,2,5,2,2,3,2,6,7,1,5,4,4,6,4,9,4,4,7,1,5,5,2,5,3,4,1,7,11,9,7,9,5,10,3,17,9,17,12,10,17,19,25,24,14,15,17,32,25,19,24,28,19,21,57,51,44,35,49,32,33,59,50,36,46,41,20,34,52,32,42,42,41,32,26,54,49,56,53,66,41,44,70,58,63,56,33,42,20,47,49,48,54,78,50,39,50,58,63,65,59,51,73,91,90,121,121,89,108,126,161,188,225,233,245,132,211,323,332,268,258,83,305,303,249,488,406,272,140,310,264,352,236,277,261,219,170,175,275,228,220,188,152,159,111,190,186,119,148,121,87,71,120,94,117,88,87,68,61,74,111,63,70,55,49,42,57,39,46,54,32,29,35,29,32,28,38,33,25,13,30,27,9,27,16,11,18,13,19,11,9,15,10,6,15,12,11,10,15,16,15,17,12,7,13,14,6,15,14,11,26,6,5,9,13,12,8,8,7,2,4,3,4,10,2,8,9,7,11,7,8,6,5,7,5,12,8,8,2
Newham,0,0,0,0,0,0,0,0,1,1,3,2,3,4,7,9,5,11,6,14,6,14,24,12,33,38,38,35,22,38,45,40,34,60,46,26,45,44,38,40,24,29,15,20,17,18,16,16,9,8,9,12,16,17,11,14,7,16,7,12,12,4,9,5,8,8,17,6,4,7,9,5,4,1,5,2,2,7,4,0,0,8,2,7,1,2,1,3,5,1,5,0,2,0,3,9,3,2,2,2,3,1,1,2,5,1,3,2,1,2,2,0,2,1,0,0,2,5,2,1,1,6,5,1,0,2,1,1,1,3,3,2,2,3,8,3,5,2,3,3,1,1,1,2,4,1,6,3,6,2,5,0,1,3,1,1,8,2,11,2,4,2,5,3,6,10,4,6,8,6,4,4,2,2,7,4,6,6,5,15,8,3,4,11,7,10,29,19,18,9,17,23,14,18,14,18,0,16,13,15,22,12,26,23,28,19,34,35,49,37,34,37,34,20,44,46,26,37,53,43,52,71,57,34,34,67,66,64,81,78,52,56,105,90,91,93,95,52,51,142,74,87,78,89,51,61,137,114,112,87,101,79,64,130,111,121,103,100,85,98,140,134,145,102,102,69,94,118,143,138,123,131,91,79,160,128,149,131,170,125,135,215,165,239,278,291,214,263,466,397,528,478,478,305,366,625,588,647,450,237,587,702,613,1041,845,702,343,727,686,958,829,788,673,629,471,380,629,477,520,437,436,329,309,387,327,302,255,280,220,170,217,209,190,172,172,143,108,163,120,128,114,90,88,60,84,90,60,58,47,44,32,79,56,52,54,42,26,31,43,26,24,24,24,37,28,20,39,24,33,20,16,28,22,18,29,24,20,19,26,30,21,24,15,18,18,14,10,22,23,17,16,21,21,11,18,12,18,12,16,10,10,23,20,17,27,14,22,21,22,13,13,23,12,19,9,7,4
Redbridge,0,1,0,0,0,0,1,0,0,0,0,0,3,3,5,6,8,13,12,5,10,12,19,12,15,15,21,15,20,25,28,22,30,21,27,23,26,54,34,33,11,14,28,21,15,12,16,20,7,8,17,15,17,14,5,10,14,26,11,12,25,9,10,9,14,25,16,21,7,4,7,3,6,5,1,3,6,4,4,8,8,0,5,2,0,2,1,3,1,0,0,3,3,2,4,6,2,5,0,3,2,6,4,7,2,5,2,1,2,2,1,1,2,1,1,0,0,1,2,1,6,5,2,1,3,1,2,1,3,1,4,2,0,0,6,1,3,3,1,4,3,1,2,1,2,2,2,4,1,4,3,5,3,1,6,1,5,3,1,15,7,6,4,4,6,1,2,7,0,4,3,2,2,6,3,3,5,3,6,9,6,3,5,13,14,18,23,19,9,13,23,12,15,17,33,7,10,23,28,14,19,34,42,24,19,25,34,56,30,29,32,36,41,54,55,50,53,41,51,57,58,73,51,26,37,97,40,57,75,49,48,49,97,103,111,75,92,51,47,104,85,75,111,103,68,69,158,104,98,91,107,83,85,127,135,128,136,146,94,94,153,142,154,136,136,97,107,150,128,154,135,157,106,113,146,113,138,129,155,130,150,213,198,255,260,264,311,384,441,514,576,517,567,379,485,582,522,613,440,242,571,659,509,921,815,625,328,727,664,740,622,553,519,416,365,291,443,397,315,354,330,256,217,283,296,257,230,238,174,124,159,131,165,155,119,98,98,115,111,87,88,77,55,51,49,59,50,49,45,34,34,73,54,44,30,30,36,30,48,30,29,21,26,21,12,22,27,24,17,22,21,18,18,20,29,17,14,13,13,30,25,17,24,32,16,16,24,18,32,21,20,19,17,13,17,13,14,5,14,16,12,18,15,9,21,14,16,19,13,13,16,8,13,17,6,6,2
Richmond upon Thames,0,0,0,0,0,2,0,0,0,1,1,1,3,0,2,4,5,5,4,9,2,9,16,14,15,12,19,11,15,12,16,15,7,15,8,7,11,14,9,9,12,6,11,8,9,9,11,7,6,11,6,10,3,4,5,4,1,9,7,15,10,7,3,4,4,3,3,6,3,2,0,4,1,4,1,4,1,1,1,0,1,3,0,0,3,5,3,3,0,0,0,1,1,0,2,3,1,0,0,3,3,1,0,2,0,0,0,1,1,0,0,0,0,4,0,0,1,0,1,0,0,1,1,1,0,1,1,0,1,0,0,0,0,0,1,0,1,1,0,1,0,1,1,1,2,1,1,0,2,1,2,2,1,1,0,1,2,2,2,1,3,1,3,5,11,6,7,5,1,2,3,4,2,4,4,1,5,5,3,10,3,2,2,5,9,5,5,9,5,8,12,4,7,6,2,7,2,3,4,2,4,6,4,1,7,7,8,13,8,14,6,9,20,24,31,27,28,25,47,27,45,34,29,22,32,42,28,43,43,57,20,30,53,73,42,38,41,23,27,58,45,48,36,33,24,25,47,30,41,43,17,26,41,56,48,40,33,38,15,20,41,46,30,26,32,12,15,30,34,27,23,32,17,12,21,28,32,26,37,22,30,52,34,78,74,84,77,91,116,112,148,159,162,88,174,218,229,214,176,82,192,195,178,242,228,184,89,182,168,174,161,132,140,124,128,81,112,112,111,93,95,63,90,84,78,82,84,65,55,52,73,70,66,63,58,56,51,67,51,60,67,44,22,24,34,30,26,19,23,13,15,30,15,16,19,29,11,8,21,16,12,12,17,8,11,7,14,10,5,14,5,8,10,8,11,7,9,6,6,11,10,10,15,9,12,0,9,8,14,6,8,7,15,5,12,9,5,3,11,7,6,9,5,6,4,6,8,9,5,4,5,5,6,5,4,2,3
Southwark,0,1,0,1,1,3,1,2,7,6,11,10,8,10,12,16,19,20,15,23,13,28,43,30,29,32,48,32,34,54,34,59,48,53,38,26,39,50,43,41,35,29,12,25,20,27,22,16,17,5,11,18,5,13,12,3,10,17,9,16,15,12,3,3,7,7,9,4,4,7,6,10,9,5,4,5,2,0,2,1,0,2,0,3,1,1,1,6,3,1,0,1,1,0,2,0,1,0,1,0,0,1,0,0,2,1,1,1,1,5,2,1,0,1,0,1,0,1,2,1,6,0,1,2,3,0,0,3,3,1,1,2,0,0,3,1,3,2,1,3,1,5,1,5,2,1,2,4,3,4,3,1,0,2,2,0,4,2,1,6,4,2,7,0,3,5,8,6,8,9,6,7,13,8,4,6,11,3,4,5,9,3,3,2,13,13,7,11,12,5,16,15,13,13,10,3,1,9,8,12,13,18,13,15,19,22,29,17,28,19,17,28,15,26,31,27,16,21,43,36,32,42,38,30,10,34,32,50,46,51,28,44,76,73,94,68,61,47,33,79,55,62,48,63,30,25,79,49,44,49,49,31,40,78,62,55,71,48,38,53,66,38,54,47,56,32,24,58,65,53,35,51,30,35,78,65,56,69,67,60,45,107,121,122,146,156,110,137,239,270,316,329,386,247,268,472,461,380,290,89,383,371,351,698,550,415,183,444,460,651,592,486,450,401,276,228,375,383,321,302,305,154,147,252,247,186,164,195,123,89,154,130,142,121,126,66,59,86,93,70,80,53,36,32,56,27,42,26,43,22,28,27,35,21,35,24,15,23,17,21,24,8,9,14,14,22,13,14,17,18,8,8,6,8,11,9,13,10,8,14,12,11,14,9,5,10,7,17,14,6,6,4,15,12,4,3,9,2,3,1,6,2,9,3,5,3,8,6,9,7,6,8,5,13,8,6,5
Sutton,0,0,0,1,0,1,1,0,1,2,0,2,4,2,0,3,4,5,3,10,5,9,25,18,13,13,21,17,11,23,19,38,28,21,7,10,24,29,29,23,14,19,9,55,31,34,24,24,20,13,11,17,19,15,11,9,13,13,5,14,12,9,16,9,4,10,4,4,7,4,5,10,3,4,5,1,1,0,5,9,6,13,4,2,2,0,1,6,4,3,2,2,1,3,3,1,1,2,4,3,2,1,2,2,2,2,1,0,0,2,0,0,1,1,1,1,2,0,0,0,0,0,1,1,0,0,0,1,0,4,3,0,0,1,1,2,0,1,0,0,2,1,4,2,3,1,3,0,2,2,1,0,2,0,0,2,2,0,1,1,0,0,2,1,1,1,1,0,1,5,5,5,3,3,2,4,0,1,2,2,5,3,0,4,6,3,4,4,1,3,4,5,2,3,6,6,2,5,1,2,7,6,2,2,7,13,4,3,5,11,3,7,10,11,11,13,9,8,17,17,27,25,32,12,13,17,34,21,32,29,17,21,49,30,27,49,36,35,27,46,36,26,42,33,21,32,42,53,49,38,58,27,32,63,55,72,63,48,44,39,58,45,45,38,37,38,23,32,41,51,47,35,32,42,54,38,77,47,72,50,51,56,90,105,130,125,89,123,180,174,190,199,217,118,227,276,315,266,242,103,266,346,250,513,461,274,194,322,307,357,281,270,245,210,189,147,286,224,218,207,148,151,131,242,142,129,140,135,94,60,126,95,104,99,81,68,62,97,93,76,56,48,25,30,37,34,48,41,32,25,19,30,31,21,23,27,17,21,31,34,21,11,19,8,13,12,26,8,9,12,7,9,13,19,17,12,14,4,12,13,12,6,12,6,5,9,12,8,13,6,10,2,16,7,2,9,3,2,4,4,7,4,4,3,2,6,3,6,4,7,4,3,3,6,6,7,2
Tower Hamlets,0,0,0,2,1,1,1,1,2,2,1,5,3,3,3,3,6,10,10,11,8,4,11,18,27,34,22,12,20,16,25,24,29,36,21,19,26,18,25,19,19,13,15,17,8,13,12,3,6,6,11,10,7,10,3,12,7,5,2,11,6,10,3,4,1,2,2,3,1,4,2,5,2,2,1,2,0,1,3,2,3,5,2,4,1,1,3,1,2,2,3,1,2,2,3,0,1,0,2,1,3,0,5,2,1,0,1,0,1,0,5,2,0,0,1,0,0,1,2,0,1,1,0,1,1,2,3,3,10,2,6,1,0,0,2,0,1,3,6,2,3,4,8,3,4,7,1,0,4,5,5,3,3,6,1,1,3,2,4,4,0,1,0,3,5,3,6,1,6,5,6,5,6,4,6,5,11,7,3,7,10,5,6,16,13,18,12,6,14,17,22,20,21,14,14,8,2,12,6,13,19,18,16,19,28,34,23,31,37,24,28,31,39,50,56,48,48,33,52,60,63,64,41,34,38,75,47,75,78,66,51,59,88,86,113,88,99,61,35,126,90,105,76,75,81,61,151,91,106,91,126,70,92,156,130,156,116,146,76,92,139,119,117,97,108,74,54,132,89,118,97,107,57,68,122,119,108,118,144,108,116,164,172,170,244,251,224,252,369,401,442,496,489,335,372,615,601,595,303,227,468,601,471,823,863,513,322,548,551,728,613,563,450,420,378,289,493,386,334,312,331,205,181,261,237,226,182,195,117,105,127,113,84,106,91,85,46,96,52,55,48,60,28,28,46,45,33,38,28,19,11,32,19,29,25,41,19,17,33,23,19,19,16,18,10,14,21,20,11,24,18,11,29,12,9,13,21,9,7,17,24,19,19,10,16,7,18,17,17,17,14,14,16,21,12,7,14,11,6,9,10,9,12,17,19,7,18,8,15,12,10,7,14,12,12,10,7
Waltham Forest,0,0,0,0,1,1,0,0,1,0,2,1,2,3,4,2,5,12,9,13,12,3,21,11,24,34,27,21,24,24,39,25,27,31,23,27,26,22,23,24,24,15,22,19,23,30,13,11,15,19,15,8,9,14,15,9,12,13,3,7,10,12,4,6,11,8,10,10,5,7,2,3,2,6,2,1,2,4,2,7,1,3,2,1,1,2,1,0,2,2,1,2,0,2,0,2,1,2,2,5,1,0,4,0,0,1,2,5,2,1,3,1,1,2,2,0,1,5,1,2,8,0,1,0,1,2,0,1,1,3,2,0,2,0,3,4,4,3,1,0,2,2,2,0,2,1,2,1,1,2,0,2,1,1,1,4,3,4,6,2,0,0,8,11,5,4,6,2,3,8,8,0,4,4,3,1,6,4,8,11,9,0,5,5,7,7,16,5,8,1,9,7,11,14,15,16,3,5,13,17,12,12,12,18,18,19,21,16,16,15,16,26,19,39,32,39,31,33,39,40,33,44,39,26,27,51,34,40,40,46,24,38,75,58,67,46,78,51,34,89,65,65,73,78,51,33,93,61,67,70,59,60,75,138,98,94,110,68,62,55,112,83,87,67,107,78,65,98,87,90,68,99,68,84,124,137,138,115,163,132,106,194,172,196,177,223,203,237,355,378,360,411,431,349,345,424,428,411,338,120,437,449,371,677,571,393,250,459,507,630,439,485,411,373,251,237,436,320,321,282,285,230,149,302,210,208,215,194,154,97,146,129,137,93,89,97,55,96,78,72,70,64,52,35,62,44,35,47,39,41,19,47,41,33,26,20,27,10,28,24,18,16,29,15,15,21,18,16,20,18,10,18,15,31,24,12,10,8,6,11,17,16,12,17,12,13,11,17,18,13,8,9,14,11,10,16,11,7,3,4,4,8,10,13,10,5,3,15,6,9,4,10,5,9,8,4,3
Wandsworth,1,1,1,0,0,1,0,2,2,9,10,12,4,12,12,13,20,15,17,23,16,16,27,28,44,32,29,20,23,29,41,39,38,29,28,18,35,25,26,24,29,14,11,17,23,21,20,21,12,4,10,9,6,10,12,7,7,7,8,12,12,12,3,4,4,5,5,9,2,4,6,1,10,8,3,6,1,2,3,4,4,3,1,4,3,0,0,2,2,1,1,1,3,0,2,1,0,0,0,0,1,1,1,0,0,1,2,0,4,1,0,2,0,3,3,0,2,4,0,0,0,1,0,2,4,2,2,3,2,1,1,4,1,1,5,1,3,5,3,2,1,3,2,1,2,6,1,1,5,4,2,7,5,2,4,9,5,9,3,1,1,3,7,4,8,4,4,9,1,6,12,8,13,15,6,5,5,9,11,13,12,9,5,7,19,7,11,23,4,8,22,12,11,22,15,6,5,9,5,9,11,20,10,9,18,18,16,19,12,14,15,18,26,42,28,38,29,19,50,45,50,57,50,26,22,59,48,61,59,54,50,45,85,81,97,88,76,44,47,81,79,61,68,52,45,35,75,64,81,66,68,62,72,105,85,111,99,88,68,42,81,71,48,40,54,28,33,70,41,49,58,53,32,43,69,71,68,54,76,42,46,110,114,134,150,147,141,153,258,315,323,401,450,243,298,457,454,418,311,90,338,337,360,542,515,336,145,389,350,526,419,353,348,309,257,211,324,282,260,310,227,174,146,227,204,182,156,146,99,79,170,123,130,97,104,78,78,112,99,91,74,72,48,44,58,58,52,51,45,17,19,55,46,38,18,18,29,32,45,29,23,33,15,17,21,20,27,23,17,13,18,12,16,11,15,19,19,6,15,25,24,19,12,21,12,15,17,22,20,13,23,7,20,11,16,15,13,14,8,6,11,13,12,11,9,20,9,14,5,12,23,11,4,17,16,7,3
Westminster,0,0,1,1,1,5,2,1,6,6,14,14,8,9,5,14,11,9,9,15,12,12,22,16,26,21,13,20,18,36,12,18,17,27,16,17,11,16,14,19,9,11,9,10,13,15,10,8,3,4,4,3,2,7,7,4,5,10,6,8,20,4,4,0,3,3,3,3,3,4,3,3,2,4,5,2,0,1,1,1,5,3,1,2,1,0,1,2,2,0,0,1,0,1,3,0,2,3,0,4,1,1,2,3,1,1,5,2,0,2,0,1,2,0,2,2,1,2,0,0,4,0,1,1,1,1,0,0,2,2,4,2,0,3,1,0,2,3,1,0,2,2,1,0,2,4,1,2,4,1,7,3,3,1,3,3,4,7,7,5,2,3,5,6,2,1,4,1,3,3,10,4,9,4,3,5,9,9,5,6,9,2,0,6,11,11,8,16,0,4,14,7,7,11,4,2,1,8,11,10,7,14,3,7,5,16,12,11,10,12,8,19,26,28,24,31,26,21,30,40,51,46,38,18,17,41,40,30,55,52,27,38,70,51,73,64,71,37,38,62,77,48,70,75,70,33,83,72,49,48,46,38,46,70,74,69,69,60,34,39,65,49,42,44,39,27,34,46,29,36,46,29,28,22,43,43,31,42,31,20,32,62,54,65,79,94,58,82,121,183,147,182,236,133,156,248,254,225,186,81,178,213,183,303,322,205,113,209,186,281,282,237,225,181,170,139,196,197,198,193,141,113,92,153,144,119,122,122,82,70,116,82,83,87,66,48,46,56,54,50,56,36,29,30,42,21,32,28,24,13,12,23,20,24,29,17,15,21,11,25,6,13,13,15,13,13,16,16,19,12,12,2,10,18,12,9,22,10,8,12,16,12,9,12,9,15,9,12,9,7,12,5,5,12,4,9,10,8,10,8,9,7,17,11,14,10,11,7,15,11,14,9,4,4,18,8,1
×Ü¼Æ,4,12,6,18,14,24,15,22,52,92,183,164,135,150,165,233,311,355,332,426,350,437,687,633,760,766,816,576,597,868,935,979,1069,981,767,632,857,951,874,800,619,519,501,596,596,659,574,579,400,395,431,465,399,519,377,333,311,418,312,428,424,354,247,167,248,216,266,273,206,129,126,162,195,204,158,132,74,78,114,129,141,157,82,65,50,57,66,85,75,56,39,38,49,49,79,57,45,47,45,57,71,52,47,53,39,31,41,47,42,46,37,29,27,51,49,46,57,48,32,22,58,52,42,40,38,32,51,54,60,57,54,41,20,38,85,62,76,70,48,47,41,97,81,80,71,83,56,65,100,100,99,102,73,58,75,87,104,113,104,121,55,67,143,149,160,124,126,106,88,189,181,151,204,166,119,144,195,171,164,229,221,139,133,216,314,334,348,355,270,205,463,342,344,391,332,229,112,298,270,292,323,386,338,408,427,519,657,599,602,548,528,742,699,988,1071,1037,791,819,1290,1168,1403,1474,1345,872,741,1572,1423,1623,1719,1652,1107,1295,2334,2313,2351,2170,2000,1432,1292,2523,2087,1964,2008,1873,1383,1200,2906,2128,2046,2088,2114,1647,1756,3075,2721,2905,2833,2688,1925,1796,3068,2552,2451,2180,2108,1476,1479,2385,2151,2238,2064,2195,1635,1650,2689,2451,2791,2450,2913,2237,2422,3703,3698,4409,4997,5468,4654,5491,8309,8817,9962,10130,10765,7140,8876,13209,13318,12316,9402,4324,11849,13121,10666,19860,17302,12385,6735,13622,13107,17222,14537,13536,12051,10518,8729,7460,11533,9820,9302,8913,8181,6163,5382,8291,6998,6238,5788,5560,4143,3114,4955,4140,4201,3848,3375,2621,2231,3288,2943,2696,2464,2108,1540,1338,1795,1658,1530,1437,1274,864,880,1378,1194,1086,1100,1025,798,738,1020,918,727,649,619,499,473,550,657,579,509,500,400,407,562,589,528,453,509,363,362,596,505,453,475,441,370,456,532,472,606,447,420,296,465,399,351,298,334,247,236,209,241,330,338,318,355,271,290,347,285,263,304,295,199,354,317,215,128
